{"cameraMode":{"drawMode":0,"name":"Shaded","section":"Shading Mode"},"sceneLighting":true,"audioPlay":false,"sceneViewState":{"showFog":true,"showMaterialUpdate":true,"showSkybox":true,"showFlares":true,"showImageEffects":true,"showParticleSystems":true},"in2DMode":false,"pivot":{"x":-210.41172790527345,"y":-335.5802307128906,"z":-174.07078552246095},"rotation":{"x":-0.012744701467454434,"y":0.9822704792022705,"z":-0.07263293117284775,"w":-0.17235638201236726},"size":280.1829833984375,"orthographic":false}